<?xml version="1.0" encoding="UTF-8" standalone="yes"?>
<ns2:ExportManifest xmlns:ns2="http://www.pentaho.com/schema/">
    <ExportManifestInformation exportDate="17-08-2018 09:48:09 CST" exportBy="admin" rootFolder="/home/admin/" manifestVersion="2"/>
    <ExportManifestEntity path="ProductoMasVendidoFebrero2015.xanalyzer">
        <ExportManifestProperty>
            <EntityMetaData name="ProductoMasVendidoFebrero2015.xanalyzer" createdDate="2018-08-17T21:47:47.621-06:00" isFolder="false" path="ProductoMasVendidoFebrero2015.xanalyzer" isHidden="false" isSchedulable="true" locale="es" title="ProductoMasVendidoFebrero2015"/>
        </ExportManifestProperty>
        <ExportManifestProperty>
            <EntityAcl>
                <entriesInheriting>true</entriesInheriting>
                <owner>admin</owner>
                <ownerType>USER</ownerType>
            </EntityAcl>
        </ExportManifestProperty>
    </ExportManifestEntity>
</ns2:ExportManifest>
