<?xml version="1.0" encoding="UTF-8" standalone="yes"?>
<ns2:ExportManifest xmlns:ns2="http://www.pentaho.com/schema/">
    <ExportManifestInformation exportDate="17-08-2018 10:10:19 CST" exportBy="admin" rootFolder="/home/admin/" manifestVersion="2"/>
    <ExportManifestEntity path="VenraPorPais.xanalyzer">
        <ExportManifestProperty>
            <EntityMetaData name="VenraPorPais.xanalyzer" createdDate="2018-08-17T22:10:11.787-06:00" isFolder="false" path="VenraPorPais.xanalyzer" isHidden="false" isSchedulable="true" locale="es" title="VenraPorPais"/>
        </ExportManifestProperty>
        <ExportManifestProperty>
            <EntityAcl>
                <entriesInheriting>true</entriesInheriting>
                <owner>admin</owner>
                <ownerType>USER</ownerType>
            </EntityAcl>
        </ExportManifestProperty>
    </ExportManifestEntity>
</ns2:ExportManifest>
